CIF Id,first_name,last_name,DOB,email,Mobile No,gender,Salary,PAN,Credit Card,Home Loan,Car Loan,Insurance
21112073503,Valene,MacConnell,25/02/1996,vmacconnell0@archive.org,2335472418,Female,$7968.03,KJKKL0036O,1,0,0,0
21134951209,Dirk,Wibberley,23/02/1988,dwibberley1@spotify.com,4169723440,Male,$9986.12,UZKPS6213Q,0,0,0,0
21179027632,Selina,Penniall,03/08/1993,spenniall2@uol.com.br,3282654478,Female,$7825.83,FJSOI2643L,0,0,0,0
21159831064,Godard,Patterson,22/08/1973,gpatterson3@cnbc.com,8787640577,Male,$6547.32,DTFNT3447F,0,0,0,0
21104158788,Odie,Dradey,07/12/1974,odradey4@epa.gov,9194724899,Male,$2668.96,EVEYB5471H,0,0,0,0
21107653892,Zacherie,Prozillo,05/02/1990,zprozillo5@purevolume.com,6097969871,Male,$9252.73,NLGZP1697B,0,0,0,0
21193105858,Mona,Langran,28/09/1960,mlangran6@rambler.ru,5293245173,Female,$8580.13,TVEZH5405D,1,0,0,0
21196935228,Gwenette,Twidale,23/07/1965,gtwidale7@rakuten.co.jp,5277776697,Female,$2842.81,SLZNJ4405Y,1,0,0,0
21132256446,Victoir,Gibbons,23/07/1986,vgibbons8@craigslist.org,5128055704,Male,$8161.77,MTNKB1133H,0,0,0,0
21134233741,Yolane,Comberbach,16/03/1991,ycomberbach9@lulu.com,3566948874,Female,$2563.28,FLYYD8518C,0,0,0,0
21103711198,Henri,Kermon,26/07/1988,hkermona@ow.ly,5026997427,Male,$7518.08,MSVUM1206N,0,0,0,0
21115342044,Carlynne,Emett,28/08/1989,cemettb@digg.com,8012114178,Female,$4700.79,XRIHT4116Z,0,0,0,1
21144772184,Ingemar,Kimmings,16/03/1988,ikimmingsc@blog.com,2679383229,Male,$3491.98,OHHKL6430S,0,0,0,1
21188236843,Riva,McWhinnie,31/01/1985,rmcwhinnied@dailymotion.com,7137062543,Female,$3050.35,JNBJG8983S,0,0,0,0
21135322589,Brandy,Fish,21/11/1976,bfishe@weebly.com,1049997922,Male,$6941.34,TBCYZ0454Q,0,0,0,0
21167197875,Corbin,Chillcot,09/04/1990,cchillcotf@ow.ly,8486913321,Male,$3407.17,XVPSW6127L,0,0,0,0
21141046403,Alys,Farnish,12/06/1962,afarnishg@paypal.com,4509990220,Female,$4308.52,HXUCD5065J,0,0,0,1
21102301612,Preston,Hanratty,20/01/1976,phanrattyh@ask.com,6796603050,Male,$6621.77,EFRLN5592G,0,0,0,0
21119240825,Mattias,Morilla,10/04/1962,mmorillai@hubpages.com,6739046769,Male,$7108.69,YMHHQ6363M,0,0,0,0
21124468159,Giffer,Kirkwood,21/06/1969,gkirkwoodj@php.net,4686211644,Male,$5918.25,ZIOJP9208V,0,0,0,0
21105290766,Rivalee,McTague,04/06/1969,rmctaguek@miitbeian.gov.cn,4997752362,Female,$10046.48,AMRYE1302J,1,0,1,0
21162652460,Devland,Aleswell,24/09/1963,daleswelll@twitpic.com,2306793106,Genderfluid,$6569.71,FINJV0411D,0,0,0,0
21134116589,Marietta,Rotchell,08/06/1999,mrotchellm@yellowbook.com,8575488992,Male,$6783.26,YTEKM4609J,0,0,0,0
21197498575,Matthaeus,McGeachey,06/03/1961,mmcgeacheyn@altervista.org,1845730414,Male,$8298.18,ODXZJ6784O,0,0,0,0
21111693322,Miranda,Feaveer,31/05/1973,mfeaveero@phpbb.com,4844542080,Female,$4027.17,UDNVH8488C,0,0,0,0
21136719401,Davina,Normanvill,28/07/1898,dnormanvillp@blogtalkradio.com,9458520087,Female,$3815.90,QINMB0715U,0,0,0,0
21103014667,Erroll,Sebborn,02/07/1967,esebbornq@constantcontact.com,4827410960,Male,$7984.37,QAPSY1579G,0,0,0,0
21189987990,Sharon,Jutson,20/01/1997,sjutsonr@godaddy.com,2317834919,Female,$2557.20,VLOLP5893D,0,0,0,0
21110176134,Sully,Cumberpatch,07/07/1983,scumberpatchs@pen.io,4762265923,Male,$5836.43,EEKBD2866H,1,0,0,0
21113032729,Gun,Showen,08/11/1981,gshowent@behance.net,2634155167,Male,$7716.62,TVLOH6925R,0,1,0,0
21197983946,Franklin,Dukes,25/05/1964,fdukesu@theatlantic.com,2034305450,Male,$3531.73,NGTSR9700T,0,0,0,0
21133063518,Alli,Taveriner,02/08/1963,ataverinerv@sun.com,1347308800,Female,$4743.76,TXTDO4033E,0,0,0,0
21196485860,Ursula,Banck,12/07/1979,ubanckw@php.net,8395230002,Female,$3809.45,ROLKE2741L,0,0,0,0
21118079156,Luella,Meryett,15/09/1967,lmeryettx@cam.ac.uk,3225094514,Female,$5377.64,MPFMR6885N,0,0,0,0
21179004008,Lorens,Braddon,10/05/2000,lbraddony@etsy.com,3626452246,Male,$5088.96,VVAEZ4590X,1,0,0,0
21190589582,Bastien,MacAllan,24/12/1983,bmacallanz@google.fr,3728993193,Male,$5458.10,HGUUV3936R,0,0,0,0
21143349498,Luella,Ganning,06/08/1962,lganning10@networkadvertising.org,5571183946,Female,$6871.89,CRAJQ3632S,0,0,0,0
21147325870,Derrick,Wildey,15/12/1988,dwildey11@google.pl,2131708174,Male,$7778.90,ZRFTQ3979F,1,0,0,0
21194133870,Bernetta,Ledger,07/11/1973,bledger12@edublogs.org,4564525286,Female,$8861.29,NMZDY8522J,0,0,0,0
21135724757,Donn,Ambler,15/10/1986,dambler13@imdb.com,7873023253,Male,$6414.75,UMNOZ6440R,0,0,0,0
21194115475,Lou,Josifovitz,27/09/1985,ljosifovitz14@arstechnica.com,8122696078,Male,$7932.76,VPKTU3477A,0,1,0,0
21110451486,Stephi,Treadaway,10/01/1998,streadaway15@twitter.com,8117978556,Female,$10489.28,DZDGD2643R,0,0,0,0
21186523615,Evyn,Casewell,26/03/1982,ecasewell16@mayoclinic.com,3465724632,Male,$6967.54,UZJNZ3554G,0,0,0,0
21199207513,Anabella,McGebenay,13/11/1995,amcgebenay17@technorati.com,4113045813,Female,$4483.18,NWDIF3531Q,0,0,0,0
21130263574,Bryon,Cordell,11/10/1982,bcordell18@shutterfly.com,3447896141,Male,$8948.31,TKAHU7306C,0,0,1,0
21142798851,Jemmie,Depka,31/01/1994,jdepka19@tripod.com,9134332685,Female,$3790.93,BXHVI1936I,0,0,0,0
21121789878,Winifield,MacAlpin,25/11/1965,wmacalpin1a@blogspot.com,3975198710,Male,$9589.35,TVBQQ6482K,0,0,1,1
21189143717,Rochelle,Grishakov,21/04/1963,rgrishakov1b@blinklist.com,3052793920,Female,$8513.76,DYYOH9926F,0,0,0,0
21176071172,Shermy,Sket,13/09/1998,ssket1c@cbsnews.com,9405766871,Male,$2510.23,ZAKBF5179W,0,0,0,0
21183221718,Aaron,Le Monnier,31/05/1990,alemonnier1d@webeden.co.uk,2711230488,Male,$5157.74,EYSBQ7432D,0,0,0,1
21113848022,Kym,Whitehorn,16/08/1986,kwhitehorn1e@umich.edu,2261301802,Female,$6692.96,CLBSE8194I,0,0,0,0
21193700448,Deana,Borth,22/09/1996,dborth1f@smugmug.com,4817144573,Female,$9684.32,VGIZF6620Y,0,0,0,0
21188934421,Allsun,Bonsul,31/01/1974,abonsul1g@altervista.org,9101630247,Female,$5680.56,GDOPB4558W,1,0,0,0
21145772496,Kristian,Gilmour,05/06/1989,kgilmour1h@theatlantic.com,7621904973,Male,$9425.58,MXKKL7922N,0,0,1,0
21149269396,Perry,Klemmt,16/12/1991,pklemmt1i@wordpress.org,8833477018,Male,$7193.70,XPEWJ3775H,0,0,0,0
21162500918,Garrard,Chorley,31/12/1970,gchorley1j@elpais.com,3504263944,Male,$2777.70,BPYCK1960R,0,0,0,0
21199238570,Rosalind,Droogan,01/02/1987,rdroogan1k@comsenz.com,42741154368,Female,$4390.39,PUFVP7798V,0,0,0,0
21112155281,Cori,Kleeman,15/10/1970,ckleeman1l@mysql.com,9138788743,Female,$6011.26,LXTDK4840C,1,0,0,0
21164792054,Edsel,Lattimer,12/08/1997,elattimer1m@about.com,9509552944,Male,$5981.28,HKEKD4781X,1,0,0,0
21120872995,Juline,Sprague,01/05/1966,jsprague1n@cbsnews.com,1257011165,Female,$4214.50,ZZQPA5047J,0,1,0,0
21146702779,Weber,Pattlel,17/07/1972,wpattlel1o@istockphoto.com,7802368544,Male,$8891.64,XKVGH0724P,0,0,0,0
21150336038,Yolande,Chesworth,12/03/1984,ychesworth1p@accuweather.com,5054778427,Female,$2887.69,ORQEF7549O,0,0,0,0
21109080036,Aurel,McIlvoray,02/02/1997,amcilvoray1q@engadget.com,8284707179,Female,$9651.64,HLIWP1704X,0,1,0,1
21116448760,Johnna,Whiteway,18/12/1966,jwhiteway1r@noaa.gov,4911527241,Female,$9695.73,KTYQL3491Q,0,1,0,0
21174750517,Pippy,Bascombe,07/01/1961,pbascombe1s@pbs.org,3667305459,Female,$6666.31,LYIJZ7315Q,0,0,0,0
21177700220,Tessie,Fairall,26/07/1997,tfairall1t@bloomberg.com,3913071087,Female,$8218.45,MVMCD2457F,0,1,0,0
21165228963,Nolie,Cherrie,02/06/1987,ncherrie1u@google.ru,1303359645,Female,$7902.11,NIXJQ3277N,0,0,0,0
21181558212,Aigneis,Goodbarr,17/11/1988,agoodbarr1v@etsy.com,9845953402,Female,$9537.49,DHEIG1404H,0,0,0,0
21154871529,Mikaela,Corpe,30/05/1990,mcorpe1w@miibeian.gov.cn,8142664703,Female,$6249.11,ZFKGT4957C,0,0,0,0
21138690664,Britni,Kordova,27/08/1991,bkordova1x@360.cn,9484026590,Female,$8324.23,YCBCL7522W,0,0,0,0
21176126901,Kirby,Rillstone,10/11/1996,krillstone1y@sohu.com,6276089841,Male,$7851.46,VFKKU8175F,0,1,0,0
21113873229,Demetris,Bertram,17/06/1986,dbertram1z@imageshack.us,9082644252,Female,$8163.95,JFVZS2649P,0,1,0,0
21137005797,Barrie,Ranklin,25/09/1961,branklin20@ucoz.com,9449415229,Male,$9984.04,PWAWR2527D,0,0,0,0
21157576426,Joachim,Bolzen,17/01/1999,jbolzen21@storify.com,4481283158,Male,$2727.36,XERJI5648T,0,0,0,0
21180913890,Querida,Riddle,08/06/1976,qriddle22@home.pl,8968401701,Female,$4431.54,OXJJI2953D,0,0,0,0
21146764677,Opal,Spratling,23/08/1963,ospratling23@friendfeed.com,3211391905,Polygender,$8166.36,BVGCZ1547E,0,0,0,0
21113287962,Meridel,Crossland,22/06/1989,mcrossland24@printfriendly.com,9484668221,Female,$4339.14,ISWBM6523U,0,0,0,0
21171403627,Xever,Ambler,22/05/1995,xambler25@economist.com,8727841582,Male,$7263.47,QOKIV2340L,0,1,0,0
21175087061,Clarisse,Cabedo,21/11/1982,ccabedo26@businessweek.com,9662412148,Female,$7852.49,ZZOXH1725I,0,1,0,0
21179290229,Prissie,Stopford,19/09/1975,pstopford27@comsenz.com,1447002204,Female,$6333.74,FNLMT5105O,0,0,0,0
21131862852,Saxe,Littlechild,16/05/1971,slittlechild28@intel.com,2096002390,Male,$6358.03,XSUKT0185X,0,0,0,0
21154184594,Lilyan,Chateau,30/06/1995,lchateau29@geocities.jp,1226547915,Female,$2645.68,JOZWH1402Z,0,0,0,0
21125886061,Lazaro,Moreno,10/04/1990,lmoreno2a@china.com.cn,1755901204,Male,$2625.87,MYDJV8587O,0,0,1,0
21168417638,Sheilakathryn,Gobel,02/02/1987,sgobel2b@mapy.cz,4764753266,Female,$4876.41,JYZCA4119Z,0,0,0,0
21178891908,Harlan,Ashtonhurst,12/12/1995,hashtonhurst2c@narod.ru,5718292755,Male,$2668.61,XJFXQ0532V,0,0,0,0
21148293230,Kimbell,Lorinez,15/12/1983,klorinez2d@vk.com,8973537189,Male,$8655.01,AAQKH9784O,0,0,0,0
21112791088,Hana,Trenouth,01/11/1996,htrenouth2e@skype.com,3469214666,Female,$8333.01,JRCTJ9676W,0,1,0,0
21163220842,Sherill,Gissing,18/04/1988,sgissing2f@cdc.gov,3248170281,Female,$9536.05,VLCRD6224J,0,0,0,0
21187565313,Cacilie,Musker,29/07/1965,cmusker2g@apple.com,1087235932,Female,$6633.39,OPGOV0234C,1,0,1,0
21146837812,Cherlyn,MacUchadair,10/08/1982,cmacuchadair2h@netscape.com,1167764453,Female,$9582.54,MGSJF3720A,0,0,0,0
21102062580,Juditha,Pratten,28/06/1986,jpratten2i@nba.com,6071850122,Female,$5172.42,ABKNT8383C,0,0,0,0
21120899842,Ilise,Crossgrove,14/07/1995,icrossgrove2j@discovery.com,5015036657,Non-binary,$6087.63,ACQIZ4642S,0,0,0,0
21157849128,Osgood,Salvin,23/02/1973,osalvin2k@icio.us,1792001658,Male,$6986.32,CBRIV6284J,0,0,0,0
21160967271,Eugenia,Whightman,08/09/1976,ewhightman2l@cornell.edu,8016909412,Female,$7068.05,WOAWT9021E,0,1,0,0
21103330251,Jeffrey,McWhirter,13/01/1997,jmcwhirter2m@cisco.com,1109343718,Male,$9520.08,TTISA1126X,0,0,0,0
21108177681,Doralin,Hardeman,30/11/1998,dhardeman2n@about.com,8903033238,Female,$5069.96,UDCXW8237I,0,0,0,0
21167540672,Cloris,McGall,18/06/1970,cmcgall2o@google.com.br,4156891677,Female,$7988.04,LLWPG7978T,0,0,0,0
21144979874,Borg,Gauvin,02/01/1984,bgauvin2p@examiner.com,7507290507,Agender,$4873.12,ISNPJ0551Q,0,1,0,0
21114053000,Husain,Oldis,16/12/1968,holdis2q@rakuten.co.jp,1749602380,Male,$8283.22,SXHFF7659J,0,0,0,0
21109508109,Ade,Nathon,08/07/1992,anathon2r@eepurl.com,1198729954,Male,$4619.61,ZYBTF4322Z,0,0,0,0
21165748730,Griz,Featonby,08/02/1979,gfeatonby2s@wix.com,4927997695,Male,$2974.32,PSHID1661V,1,0,0,0
21181678330,Chevalier,Crookall,27/04/1976,ccrookall2t@japanpost.jp,5662065999,Male,$8518.33,QDMNI3609V,0,0,0,1
21140575646,Ikey,Cowdry,11/01/1989,icowdry2u@google.it,6447225398,Male,$7609.53,TEMCB2409U,0,0,0,1
21113999468,Harlie,Poltone,11/11/1973,hpoltone2v@independent.co.uk,5323130948,Female,$7565.71,NNNIQ1171A,0,0,0,0
21193058384,Josie,Gilligan,25/08/1997,jgilligan2w@sourceforge.net,7924900623,Female,$6430.50,KLONR5180K,0,0,0,0
21144805154,Pincus,Siddons,09/10/1979,psiddons2x@yandex.ru,6599676148,Male,$3722.71,FZJDP9025X,0,1,0,0
21145604943,Holmes,Dewis,19/11/1990,hdewis2y@odnoklassniki.ru,5605763605,Male,$3500.62,EEJKK6328V,0,1,0,0
21101553922,Andria,Sandford,21/03/1980,asandford2z@hp.com,2893705790,Female,$4644.49,FYUYC1757W,0,0,0,0
21100989298,Ailene,Rydings,02/05/1963,arydings30@parallels.com,2042760143,Female,$3088.54,NBTTN5088Q,1,0,0,0
21167576358,Shena,Tewkesbury,02/08/1970,stewkesbury31@ucoz.ru,9867174431,Female,$5586.71,GOBIJ3602N,0,0,0,0
21188350496,Lindsay,Fromant,04/01/1997,lfromant32@chicagotribune.com,3188727775,Female,$3214.97,QKMUD5667R,0,0,0,0
21145234718,Alanson,Pottell,11/11/1975,apottell33@springer.com,6022783534,Bigender,$6737.05,INLOB1273T,0,0,1,1
21141943616,Bianca,Lind,04/07/1987,blind34@tripadvisor.com,5156204960,Female,$4907.58,UIFBV4003D,0,0,0,0
21136816827,Rockey,Spiers,28/01/1990,rspiers35@fda.gov,7961531380,Male,$6997.27,ZOJFK6821N,1,0,0,1
21142218857,Vernor,Glading,05/04/1991,vglading36@a8.net,8942697125,Male,$4997.05,HKDYC2542J,0,0,0,0
21164200877,Mil,Stuehmeyer,05/07/1965,mstuehmeyer37@trellian.com,8917514413,Female,$4138.25,EZGPH6127K,0,0,0,0
21107950230,Euell,Elham,08/11/1978,eelham38@hostgator.com,3269809115,Male,$9151.00,DDZCF4996V,0,0,0,0
21161378198,Newton,Prenty,11/11/1962,nprenty39@topsy.com,1848833780,Male,$4632.87,LYPNG1084Q,0,1,0,0
21128395096,Reinold,Sharple,29/01/1981,rsharple3a@jiathis.com,1287521730,Male,$6636.69,MIMBF1288X,1,0,0,0
21134970993,Rivi,Coad,30/12/1987,rcoad3b@ucoz.com,3112944713,Female,$8983.44,GNXEW5411I,1,0,0,0
21190363222,Hilario,Sherwyn,03/04/1988,hsherwyn3c@ucsd.edu,7396885461,Male,$5399.55,QSLEI9871O,1,1,0,0
21159465391,Any,Ferney,17/11/1997,aferney3d@vimeo.com,7762680268,Male,$7612.68,ZEODZ2957Y,0,0,0,0
21173531449,Nerte,Kruschev,26/11/1978,nkruschev3e@accuweather.com,3241809395,Female,$7748.08,FJVPF0433G,0,0,0,0
21134998644,Hewe,Badini,18/07/1999,hbadini3f@cbsnews.com,4211198143,Male,$8483.80,YRABK9484H,0,0,0,0
21186648874,Stafford,Swayte,11/12/1989,sswayte3g@wikia.com,9991690892,Male,$7844.72,UONKC6403P,1,0,0,0
21125343194,Zachery,Byng,17/06/1963,zbyng3h@google.com.br,1711763081,Male,$8820.92,MDQXR7959X,0,0,0,0
21189283699,Sissie,Lumsdon,23/11/1979,slumsdon3i@zdnet.com,4762312583,Female,$5829.78,EDZNR9145W,0,0,0,0
21155842396,Hoebart,Vassano,01/03/1986,hvassano3j@dmoz.org,6766840480,Male,$7389.27,IDJCH8535R,0,0,0,0
21108236378,Marge,Tinsey,22/11/1987,mtinsey3k@psu.edu,7344931549,Female,$7386.49,CUWOI2779W,0,0,0,0
21197742227,Dorelia,Aitken,22/12/1985,daitken3l@ameblo.jp,5158437246,Female,$5004.28,JTHGC3334I,0,0,0,0
21167816281,Howie,Gillimgham,23/01/1972,hgillimgham3m@51.la,2608478858,Polygender,$4566.25,NKNIV1422H,0,0,0,0
21172336933,Crystie,Caroline,01/11/1966,ccaroline3n@elegantthemes.com,5322363725,Female,$4250.35,CUCZD0261I,0,0,1,0
21110873567,Bradley,Seers,16/01/1987,bseers3o@nifty.com,3783234596,Male,$9246.88,OQBDZ8845J,0,0,0,0
21198772487,Camille,Gash,23/11/1987,cgash3p@adobe.com,2681320138,Female,$6568.60,EHFVZ5005C,0,0,0,0
21176344533,Cristen,Petkovic,01/10/1965,cpetkovic3q@clickbank.net,1495567013,Female,$9495.24,UXLWQ2067F,0,0,0,0
21171530486,Randal,Thuillier,06/05/1992,rthuillier3r@jimdo.com,7099843085,Male,$6566.02,XMXAQ8320O,0,0,0,0
21175501687,Bret,Hurburt,21/07/1968,bhurburt3s@nps.gov,1159972484,Male,$3285.20,GVFLY8608Y,0,0,0,0
21171872148,Amery,MacKeeg,24/06/1996,amackeeg3t@ihg.com,4254958839,Male,$3506.03,YKCEZ9242,0,0,0,0
21195956659,Chrisse,Ross,26/08/1974,cross3u@marketwatch.com,9699290232,Male,$3858.52,CIDOH7995A,0,0,0,0
21163286150,Clarisse,Brumbye,21/03/1966,cbrumbye3v@cafepress.com,9457604365,Female,$5884.45,WOXEF7210B,1,0,0,0
21195856827,Ynes,Ast,16/05/1974,yast3w@bing.com,5561717301,Female,$6747.08,NFESG2164N,0,0,0,0
21154397929,Sandro,Spybey,23/01/1978,sspybey3x@webeden.co.uk,5813795298,Male,$7910.89,EZIGU1877Q,0,0,0,0
21172744552,Kass,Simione,01/06/1976,ksimione3y@msn.com,6062195641,Agender,$7882.37,ZUIQC7550O,0,0,0,0
21172833498,Arin,Marder,23/03/1998,amarder3z@blogtalkradio.com,1354755408,Male,$6785.00,CHNJD6932O,1,0,0,0
21120357560,Obadiah,Dandison,24/08/1984,odandison40@economist.com,1589647181,Male,$3517.26,IRCPO5292J,0,0,0,0
21195014664,Eldon,Attoc,25/06/1991,eattoc41@opensource.org,9663751027,Male,$10361.68,RSSAO8672I,0,0,0,0
21140293687,Fina,Ranscombe,19/07/1962,franscombe42@ted.com,5063498852,Female,$3774.04,LYMKI4311Y,0,0,1,0
21163659167,Shaun,Fludgate,01/01/1997,sfludgate43@aol.com,3389570672,Female,$4777.91,ZBWAB9834J,0,0,0,0
21106858461,Melania,McIllroy,08/09/1991,mmcillroy44@microsoft.com,4901421479,Female,$8694.88,XCPQT3422J,0,0,0,0
21135056988,Gerta,Jakov,08/09/1979,gjakov45@nbcnews.com,5308059155,Female,$3931.92,DVQWJ1794P,1,0,0,0
21166385734,Siegfried,Espinal,30/06/1997,sespinal46@dion.ne.jp,9478307236,Male,$8676.90,NWRUV9327D,0,0,0,0
21130219317,Beckie,Ghidoni,02/10/1974,bghidoni47@google.ru,2929348894,Female,$4520.39,UYDVW2606W,1,0,0,0
21164813195,Drew,Kelleher,02/07/1971,dkelleher48@about.me,7641870209,Male,$9082.35,FCWDB4203P,0,0,0,0
21142153456,Brina,Chiverton,24/12/1996,bchiverton49@wunderground.com,1336252072,Female,$3047.94,OLFAE0448T,0,0,0,0
21193915359,Royce,Cicccitti,08/11/1999,rcicccitti4a@cyberchimps.com,8108524103,Male,$7177.69,HAYMW3293E,0,0,0,0
21182306003,Dody,Londer,18/10/1966,dlonder4b@e-recht24.de,1126733984,Female,$7239.60,EJILN8347I,0,0,1,0
21104882831,Constantino,Troop,10/03/1979,ctroop4c@skype.com,2107622474,Male,$2775.78,HWLWE6973V,1,0,0,0
21166459795,Herold,Fernando,27/04/1969,hfernando4d@imageshack.us,7906739606,Male,$9027.44,UPZAD4004H,0,0,0,0
21185361882,Beaufort,Courson,13/04/1991,bcourson4e@google.pl,3637205870,Bigender,$4492.07,OOGXF1174R,0,0,0,0
21172313880,Dorris,Royl,03/08/1969,droyl4f@bbc.co.uk,8813077662,Female,$8282.04,YMZWW1194Q,0,0,0,1
21108374259,Flo,Blenkinsopp,22/12/1970,fblenkinsopp4g@facebook.com,4695944498,Female,$3438.63,NFAWG8643C,0,0,0,0
21185210003,Tan,Adrianello,30/09/1993,tadrianello4h@istockphoto.com,6737471431,Polygender,$4142.45,NZYRE5865A,0,0,0,0
21130361176,Adorne,Garnall,25/04/1970,agarnall4i@wp.com,9582997044,Female,$10344.86,IKAYV4744L,0,0,0,0
21185443036,Babette,Duesberry,26/08/1990,bduesberry4j@thetimes.co.uk,7119178313,Female,$5920.62,OFKNT9586J,0,0,0,1
21193782626,Rebeka,Janiszewski,14/09/1981,rjaniszewski4k@cbc.ca,4369504838,Female,$6733.78,UFVRP0005M,1,0,0,0
21151935230,Roberta,Patria,13/04/1981,rpatria4l@histats.com,7905461098,Female,$9257.77,SZRHZ7793C,1,0,0,0
21137475583,Balduin,Balducci,28/04/1965,bbalducci4m@newsvine.com,2751044794,Genderqueer,$6773.55,BEEXP7745M,0,1,0,0
21167012753,Reinald,Readitt,15/05/1973,rreaditt4n@amazon.de,5934139336,Male,$2868.16,PTQNC5569Y,1,1,0,0
21155589797,Zola,Tiller,28/03/1985,ztiller4o@wired.com,5695319857,Female,$7074.63,CUCGP8333E,0,0,0,0
21154670693,Carmella,Pods,06/12/1981,cpods4p@1688.com,5192245144,Female,$9364.94,SFZEE0623F,0,1,0,0
21133620436,Garrett,Gunner,21/09/1966,ggunner4q@wp.com,7945096169,Bigender,$8229.75,EKDJA2098X,0,0,0,0
21106929902,Paolina,Keith,03/01/2001,pkeith4r@adobe.com,3515889551,Female,$6845.44,MSIXY5167T,0,0,1,0
21159169573,Abner,Silversmid,16/09/1980,asilversmid4s@scientificamerican.com,5797814802,Male,$5107.49,WTQDG5060C,0,0,0,1
21187149570,Barbe,Stollberger,06/08/1975,bstollberger4t@github.com,4512312578,Female,$8371.97,AXWBL3443B,0,0,0,0
21145587345,Leontine,Collecott,01/06/1971,lcollecott4u@delicious.com,7904520062,Female,$8264.99,CDYPT3688U,0,0,0,0
21103016125,Emanuele,Duffitt,05/09/1984,eduffitt4v@networksolutions.com,9852444341,Bigender,$5775.11,MKAVC3530A,0,0,0,0
21108291058,Geri,De Courtney,02/09/1976,gdecourtney4w@scribd.com,1764749717,Male,$9873.39,NIJZJ5729O,0,0,0,0
21145247967,Jenda,Windram,22/07/1986,jwindram4x@dyndns.org,5855410852,Female,$2545.39,DDUQV3243V,0,0,0,0
21119243785,Seymour,Briers,05/01/1979,sbriers4y@rambler.ru,4282395985,Male,$4737.65,UROPN5376K,0,0,0,0
21134396749,Dorothea,Ferrier,31/01/1969,dferrier4z@mayoclinic.com,1385737513,Female,$7764.85,QRORA4550X,1,0,0,0
21113391501,Carter,Garmon,01/11/1968,cgarmon50@webeden.co.uk,1051823581,Male,$8268.43,GQUWB2410A,0,0,0,0
21162245064,Adela,Cubbit,24/09/2000,acubbit51@apple.com,9217690060,Female,$8835.84,YQFTL0032D,0,0,0,0
21109386497,Beryle,Shorter,03/07/1997,bshorter52@nba.com,8967398997,Female,$9544.39,MXAQY3956E,0,0,0,0
21149118975,Mariejeanne,Sappell,15/09/1977,msappell53@blogspot.com,2308696238,Female,$7952.55,DKKRG1481L,0,0,0,0
21130512362,Filia,Sapwell,04/02/1961,fsapwell54@flickr.com,1618524459,Female,$10251.67,JXSOK0114V,0,0,0,0
21110180419,Emelen,Melmore,30/01/1991,emelmore55@shareasale.com,7457790254,Male,$6488.73,SFOTM2319Q,0,0,0,0
21141551070,Lock,Astbury,22/05/1964,lastbury56@hubpages.com,1442419218,Male,$6264.40,FIIKZ4916G,0,0,0,0
21148669972,Sandro,Fumagall,07/11/1969,sfumagall57@usda.gov,1261141074,Male,$9063.44,SGPRF4990R,0,0,0,0
21164146155,Jeremy,Wackly,01/02/1962,jwackly58@msn.com,8404246243,Male,$8684.30,LBSVY1612P,0,0,0,0
21190737452,Haze,Battershall,09/06/1981,hbattershall59@usgs.gov,3095277954,Male,$4050.81,EAMHH7375J,1,0,0,0
21103074846,Sayers,Codd,26/07/1997,scodd5a@plala.or.jp,2559304527,Male,$3075.09,VJMRZ5495B,0,0,0,1
21180744067,Jeramey,Samwell,15/03/1973,jsamwell5b@reddit.com,3792415957,Male,$6970.82,JXLQD5446G,0,0,0,0
21173825445,Caralie,Gidley,28/06/1983,cgidley5c@home.pl,8125771142,Female,$4652.21,MSHGY5796E,0,0,0,0
21130770177,Ranee,Jobling,20/10/1968,rjobling5d@wired.com,9945722534,Female,$9966.01,RIJYX2856U,1,0,0,1
21145810008,Wells,Fontel,23/03/1967,wfontel5e@hubpages.com,5458248819,Male,$3376.06,JQFGS8869D,0,0,0,0
21181209217,Muffin,Paulich,22/01/1968,mpaulich5f@abc.net.au,7114758346,Male,$9200.97,FAUMM8670F,0,0,0,0
21162767706,Laure,Renyard,02/12/1980,lrenyard5g@w3.org,9291752182,Female,$3436.91,SUCDP1928W,1,0,0,0
21193814220,Damiano,O'Crigan,29/11/1987,docrigan5h@columbia.edu,3694851891,Male,$5895.71,ONOYE7609I,0,0,0,0
21154403516,Meggie,Gladdin,13/02/1986,mgladdin5i@omniture.com,7983235534,Female,$4184.66,MBDEF3718X,0,0,0,1
21161070511,Bordie,Brazenor,30/05/1993,bbrazenor5j@goodreads.com,8107162482,Genderfluid,$5425.23,BUGEI6008Y,0,0,0,0
21111813446,Emmet,Drepp,15/04/1967,edrepp5k@goodreads.com,3795510419,Male,$6141.56,KGODM3077F,0,0,0,0
21119860233,Muffin,Holyard,08/12/1998,mholyard5l@bandcamp.com,8154800537,Bigender,$10026.86,NJZMK3088G,0,0,0,0
21176651350,Chrissy,Jessep,15/10/1985,cjessep5m@naver.com,8252809363,Male,$8300.37,FKKZH4870P,0,0,0,0
21140685350,Sinclare,Bayliss,18/12/1994,sbayliss5n@businessinsider.com,6859491754,Male,$2853.74,KWUGD5788O,0,0,0,1
21161659727,Forest,McLanaghan,07/04/1964,fmclanaghan5o@sfgate.com,1905614985,Male,$7217.10,PRHLV2165K,0,0,0,0
21182372364,Quentin,Edlyne,13/08/1968,qedlyne5p@npr.org,1303452692,Female,$2642.24,UTWOZ8686Y,0,0,0,0
21184165521,Edvard,Crosetto,16/09/1965,ecrosetto5q@irs.gov,7577091393,Male,$10389.32,OPYRH6544V,0,0,1,1
21111520819,Skell,Dockree,12/09/1962,sdockree5r@ask.com,2721231488,Male,$4541.06,XZRDK7152B,0,0,0,0
21123148534,Zared,Brignall,04/03/1991,@wikispaces.com,3741567046,Male,$4274.00,LSZOY4969P,0,0,0,0
21120700073,Andras,De Angelo,08/06/1977,adeangelo5t@yelp.com,2255768810,Male,$3543.63,JTOFE3404N,0,0,0,0
21140279118,Devin,Offill,09/12/1982,doffill5u@g.co,3014313897,Female,$2557.63,AGBLO5436W,0,0,0,0
21127386339,Charisse,Hurne,24/09/1990,churne5v@pbs.org,6487605586,Female,$6227.76,FIPWH2737O,0,0,0,0
21131555460,Geno,Dionisetto,15/06/1966,gdionisetto5w@arizona.edu,7068976151,Male,$3498.58,SVREM5011C,0,0,0,0
21119050051,Lenna,Bruckman,08/02/1985,lbruckman5x@com.com,4517798609,Female,$6408.24,GRNYE5186U,0,0,0,0
21136161580,Lily,Yemm,07/01/1987,lyemm5y@statcounter.com,3933957393,Female,$5671.70,BJFHB3060D,0,0,0,0
21123351500,Vincent,Werrilow,17/05/1986,vwerrilow5z@wired.com,6551966614,Male,$8140.76,KXQGW0049A,0,0,0,0
21147880261,Erminia,Eggleton,25/08/1996,eeggleton60@usa.gov,3059949138,Female,$4867.51,DMQES4353C,0,0,0,0
21178228671,Sheilakathryn,Hemstead,05/11/1969,shemstead61@nhs.uk,1936316856,Genderfluid,$4884.35,VFSPO8813N,0,0,0,0
21167439499,Ingunna,Doram,25/09/1984,idoram62@gizmodo.com,1627521251,Female,$4700.40,CCMTL1154K,0,0,0,0
21133897355,Caddric,Epinay,27/09/1961,cepinay63@eventbrite.com,1296889311,Male,$6181.74,TPACX7928Z,0,0,0,0
21132195483,Jenn,Scarlet,15/02/1985,jscarlet64@dagondesign.com,6298407688,Female,$6731.75,KNJOU5226D,0,0,0,0
21168636643,Josepha,Macourek,08/07/1993,jmacourek65@cocolog-nifty.com,9865652387,Female,$5472.59,RAMPG6463C,0,1,0,0
21158484849,Mort,O'Grada,21/10/1980,mograda66@theguardian.com,8961977403,Male,$2641.31,DUFMS0323J,0,1,0,0
21133800975,Ailis,Fysh,16/03/1968,afysh67@tamu.edu,4409393520,Female,$4750.90,WJOVZ5107D,0,0,0,0
21119219707,Alleen,Bilbery,28/04/1987,abilbery68@adobe.com,9296222311,Female,$5664.48,NWQUD8690F,0,0,0,0
21103708931,Brendon,Scampion,21/05/1962,bscampion69@digg.com,3285228037,Male,$6341.66,VTRPZ9356F,0,0,0,0
21131802488,Chase,Heitz,11/01/1990,cheitz6a@slashdot.org,3011757557,Male,$3932.00,GQQWX8739D,0,0,0,0
21121322567,Cordey,Conrart,22/11/1991,cconrart6b@g.co,8335983881,Female,$5026.91,DIDNT3154D,0,0,0,0
21130329608,Joanie,Ruilton,24/12/1987,jruilton6c@example.com,8333739489,Female,$3505.22,QXEBP9553D,0,0,0,0
21135867809,Perkin,Ogborn,19/11/1985,pogborn6d@bbc.co.uk,9319536461,Male,$7040.40,JFGOG5915J,0,0,0,0
21173156925,Trevor,Doore,28/03/1969,tdoore6e@illinois.edu,1923357723,Male,$9866.81,ULORA5544W,0,0,0,0
21172699632,Lara,Frewer,10/06/1964,lfrewer6f@surveymonkey.com,5789898864,Polygender,$9096.82,YCQZA0288K,0,0,1,0
21192413423,Biron,Warfield,09/09/1965,bwarfield6g@creativecommons.org,2829130932,Male,$8123.44,YZHWT9730A,0,0,0,0
21197450656,Emmie,Tupper,14/03/1968,etupper6h@facebook.com,4601045110,Female,$9927.65,FRYXV2900F,1,0,1,0
21198990035,Chancey,Deble,08/11/1964,cdeble6i@yahoo.co.jp,1524417239,Male,$4885.43,VDGIV2664V,0,0,0,0
21144078130,Quentin,Greenleaf,21/08/1965,qgreenleaf6j@upenn.edu,3063588481,Female,$6211.57,QVOAK8919U,0,0,0,0
21139374072,Marita,Bilbrey,10/09/1891,mbilbrey6k@purevolume.com,8111327849,Female,$7483.05,HMZGM7812G,0,0,0,0
21101218347,Lind,Blayd,08/09/1999,lblayd6l@epa.gov,3435008877,Female,$3026.53,OVGLJ8565X,0,0,0,0
21106189332,Timothee,Fenby,08/10/1968,tfenby6m@vistaprint.com,8881219323,Male,$3446.11,DIHJF2197A,1,0,0,0
21172257080,Dwain,Hayto,09/11/1967,dhayto6n@odnoklassniki.ru,3319780908,Male,$9241.88,ESAID9071L,0,0,0,1
21116410088,Erv,Spender,04/03/1966,espender6o@is.gd,1246873347,Male,$9590.52,EZHSD1330M,0,0,0,0
21124919050,Shurlocke,Biesty,20/11/1971,sbiesty6p@msu.edu,9587845170,Male,$5269.31,DEBHS8072R,0,0,0,0
21127048897,Cissiee,Threlfall,13/09/1982,cthrelfall6q@github.io,9959452623,Female,$9775.52,LLKWE2187E,1,0,0,0
21173428868,Slade,Ellery,06/10/1968,sellery6r@umich.edu,7739003448,Male,$4384.52,PJDHZ6449K,0,0,1,0
21117947185,Carola,Mellsop,10/08/1974,cmellsop6s@howstuffworks.com,1213370414,Female,$9547.38,MLERD8617J,0,0,0,0
21197198640,Gilles,Mercer,05/05/1988,gmercer6t@mtv.com,7111911300,Agender,$3544.32,LYPHW6294S,0,0,0,0
21106846949,Sebastian,Gannaway,06/05/1992,sgannaway6u@istockphoto.com,1244488637,Male,$4706.69,CCCRQ1249N,0,0,0,1
21102012981,Gerri,Kain,14/01/1993,gkain6v@wikispaces.com,1399421543,Male,$10126.74,CTRJR4184D,0,0,0,0
21188245647,Christiano,Coram,29/11/1997,ccoram6w@phpbb.com,4431793580,Male,$7504.93,ZTQXB2995I,0,0,0,1
21176609493,Donnell,Verlander,31/03/1994,dverlander6x@bizjournals.com,3596842967,Male,$9812.12,YJBQO9278D,0,0,0,0
21166828855,Maxie,Menhenitt,10/01/1996,mmenhenitt6y@bravesites.com,1334956636,Female,$2539.54,IBWDC8768X,0,0,0,0
21198105384,Tim,Feechan,30/08/1966,tfeechan6z@rediff.com,5637292856,Female,$6306.07,ADEGT7216P,0,0,0,0
21176240013,Joya,Sprigging,06/06/1980,jsprigging70@flickr.com,1995336288,Female,$6376.76,IMQWF0054N,0,1,0,0
21138029123,Sharon,Kither,13/02/1979,skither71@godaddy.com,3471246170,Female,$3575.17,IUOCF9073J,1,0,0,0
21160423139,Harv,Yell,06/07/1990,hyell72@ask.com,6036908043,Male,$8998.82,KVMVK7816A,0,0,0,0
21112710122,Inger,Slewcock,10/07/1976,islewcock73@tripadvisor.com,8632064099,Male,$3462.98,UQOVQ0545M,0,0,0,0
21198977075,Roxanne,Hradsky,21/09/1972,rhradsky74@ft.com,3537784617,Female,$6852.37,FTCUV1090R,0,0,0,1
21169999201,Antonella,Riguard,03/10/1978,ariguard75@chicagotribune.com,2119824627,Female,$9092.21,EHXEJ3748S,0,0,0,0
21112437600,Gaynor,Spinney,14/06/1976,gspinney76@unc.edu,7442380231,Female,$8868.81,PBLBO0608G,0,0,0,0
21140569783,Fin,Simanenko,01/12/1986,fsimanenko77@cdc.gov,2968862764,Male,$5151.29,YNACW9443A,0,0,0,0
21147493082,Nichol,D'Alessio,13/07/1987,ndalessio78@about.com,6902918511,Genderfluid,$7947.05,OYIKU1390M,0,0,0,0
21112829887,Frederico,Treece,27/05/1984,ftreece79@naver.com,3322601947,Male,$10497.86,LZERS0088O,0,0,0,0
21165363986,Vevay,McCarrison,20/05/1998,vmccarrison7a@delicious.com,4745436808,Female,$2699.55,TOFSX6728E,0,0,0,0
21131421406,Andreas,Parkman,13/06/1984,aparkman7b@flickr.com,7018926128,Male,$8150.45,CVVFS3911B,0,0,0,0
21168638415,Lucie,Huckell,06/10/1987,lhuckell7c@nationalgeographic.com,8242769430,Female,$5251.32,HSUNM5828N,0,0,0,0
21114486456,Peadar,Spiby,07/09/1963,pspiby7d@last.fm,2872523077,Male,$3968.95,HGWNK0971D,0,0,0,0
21108924110,Patience,Dadge,26/09/1997,pdadge7e@123-reg.co.uk,6926059885,Female,$7716.53,UYSLE4029Z,0,1,0,0
21107477099,Steffen,Tedahl,31/10/1964,stedahl7f@de.vu,1074329636,Male,$3110.97,ZAZWE4891X,0,0,0,0
21149976365,Mark,Perell,16/06/1964,mperell7g@goo.gl,1575465623,Male,$10148.60,DBRGJ5098X,1,0,0,0
21194518034,Kaine,Sodory,29/09/1989,ksodory7h@moonfruit.com,2366817907,Male,$7276.87,RVPEO8448M,0,0,0,0
21154647552,Haley,Scholling,03/02/1962,hscholling7i@theatlantic.com,9458184206,Female,$3649.35,EFIFO6871T,1,1,0,0
21111385295,Eimile,Dytham,06/05/1961,edytham7j@spiegel.de,8525871861,Female,$6254.39,HSDHG6697B,0,1,0,1
21172051729,Gloriana,Smitton,11/05/1973,gsmitton7k@dagondesign.com,2873299622,Female,$4259.10,KERFB1107P,1,0,0,0
21164134366,Corie,Zold,01/01/1985,czold7l@buzzfeed.com,8518126010,Female,$5805.99,VRBLU9479D,0,0,0,0
21181389434,Todd,Hicken,13/02/1961,thicken7m@is.gd,9124032519,Male,$7753.48,JRMZJ3510L,0,0,0,1
21146713036,Elayne,Grumbridge,29/04/1960,egrumbridge7n@unc.edu,5432557975,Female,$8950.10,NNCXA2439J,0,0,0,0
21175498837,Rorke,Barnfield,08/12/1975,rbarnfield7o@topsy.com,3515475031,Male,$3635.47,YRRVX4339I,0,0,0,0
21166541542,Laina,Proom,26/01/1974,lproom7p@craigslist.org,9694574415,Bigender,$8430.41,HHUHK6879S,0,1,0,0
21164822260,Ivan,Spinello,09/11/1998,ispinello7q@ask.com,8246302522,Male,$6051.82,WUIEW5497I,0,0,0,0
21196743585,Angelica,Stonham,03/12/1991,astonham7r@wordpress,6618776002,Bigender,$10005.67,SRHYC4210Y,0,0,0,0
21113857074,Jillian,Pauleit,13/10/1987,jpauleit7s@alibaba.com,9997532366,Female,$3143.04,IDJEZ5455F,0,0,0,0
21105096172,Teddy,Elis,05/10/1964,telis7t@slideshare.net,1492342968,Agender,$3437.96,TDUVT9669N,0,0,0,0
21144751206,Chico,Plumm,24/03/1994,cplumm7u@webmd.com,2304830629,Male,$10263.90,FFYIY3213K,0,0,0,0
21187649373,Rosamond,Kinleyside,28/08/1971,rkinleyside7v@adobe.com,9729414454,Female,$6773.89,UKNMS2240H,0,0,0,0
21168577670,Rori,Shorey,22/11/1986,rshorey7w@accuweather.com,3928922733,Female,$6178.97,MTHQO6676N,0,0,0,0
21174603037,Randy,Armit,16/12/1962,rarmit7x@ftc.gov,3859421825,Male,$10403.65,GHPBR3291L,0,0,0,0
21162968104,Osmund,Hitchens,17/03/1979,ohitchens7y@hibu.com,6502158630,Non-binary,$5297.48,WXPLG1740I,0,0,0,0
21137187854,Pembroke,Elflain,29/08/1965,pelflain7z@state.tx.us,9512957922,Male,$8118.61,KDGOR4702D,0,1,0,0
21166331028,Cecil,Simnor,25/05/1996,csimnor80@smh.com.au,3097392927,Male,$3134.44,IECAF9673Y,0,0,0,0
21121321583,Junie,Pache,28/10/1970,jpache81@google.it,7795969709,Polygender,$8104.50,KURRO0823Y,0,0,0,0
21134198055,Sandro,Olivera,02/08/1972,solivera82@bloglines.com,4188205028,Male,$5297.96,ZKOCP1992P,0,0,0,0
21189894506,Andrey,Maber,12/10/1994,amaber83@seattletimes.com,7846147712,Male,$6100.73,MYFOB1283I,0,0,0,0
21152624399,Seymour,Cowerd,27/05/1964,scowerd84@edublogs.org,1424018279,Non-binary,$6449.40,RFGWA8092W,0,1,0,0
21187697331,Farr,Denerley,13/10/1969,fdenerley85@clickbank.net,2898747220,Male,$9172.62,NRZLB1703N,0,0,0,0
21167203338,Leonelle,Itzcak,11/07/1997,litzcak86@wix.com,9687528326,Female,$2609.40,ZFCQD4387G,0,0,0,0
21165521409,Eva,Kurt,02/11/1982,ekurt87@umich.edu,8596818385,Female,$6442.18,EEZTD4314D,1,0,0,0
21149252461,Poul,Juris,10/07/1960,pjuris88@berkeley.edu,2009324876,Male,$3754.71,BDXNW5474L,0,0,0,0
21113622872,Jeff,Hurworth,26/10/1980,jhurworth89@upenn.edu,2945464750,Male,$9757.60,HCNGP5852B,0,0,1,0
21106944151,Erastus,Robion,24/11/1993,erobion8a@pinterest.com,3146511871,Male,$3484.64,AGITJ9187L,0,0,0,0
21147646412,Celie,Porkiss,02/09/1969,cporkiss8b@nyu.edu,5351844327,Female,$8826.24,AXEAI4644Z,0,0,0,0
21192770742,Gwenni,Glasscock,12/12/1991,gglasscock8c@foxnews.com,9673302482,Female,$8999.00,YEHLY7342R,0,0,0,0
21127075671,Dal,Label,08/01/1999,dlabel8d@boston.com,4036901049,Male,$4094.77,RQWES5808O,0,0,0,0
21125578471,Michail,Eglise,08/02/2000,meglise8e@csmonitor.com,7807627976,Male,$8897.74,XIJEW1955Q,0,0,0,0
21177708977,Raimund,Gadsdon,20/09/1987,rgadsdon8f@youtu.be,5098415641,Male,$8141.48,FMNTN1951B,0,0,0,0
21141892852,Tarra,Rapp,07/04/1993,trapp8g@google.com.br,6873470187,Female,$2564.14,PGUDX2314X,0,0,0,0
21116414618,Lauraine,Desseine,05/01/1960,ldesseine8h@sakura.ne.jp,8599489407,Female,$6754.21,PTYBL9112N,0,0,0,0
21109001531,Arman,Philipp,07/08/1973,aphilipp8i@php.net,1624262636,Male,$8691.03,UISDP1256N,0,0,0,0
21116306405,Maurizia,Goldsbury,30/10/1979,mgoldsbury8j@moonfruit.com,8625313069,Female,$10336.04,VHDST9273L,0,1,0,0
21111215216,Lucy,Stenyng,17/09/1966,lstenyng8k@pagesperso-orange.fr,8293584549,Female,$4437.87,EDXUJ8675I,0,0,0,0
21138377443,Clarke,Keyson,15/04/1997,ckeyson8l@joomla.org,3521531047,Male,$2981.94,NJLEE7809P,0,0,0,0
21155070442,Husein,Elsby,23/07/1983,helsby8m@dropbox.com,2815467426,Male,$8684.35,KBSSD7735I,0,1,0,0
21181616551,Lauryn,MacCarrane,11/09/1990,lmaccarrane8n@walmart.com,2948950579,Female,$6813.27,DVTQN9432S,0,0,0,0
21127649246,Brandon,Hyett,03/09/1998,bhyett8o@com.com,7151096027,Male,$3615.63,TWLOL9454K,0,0,0,0
21158382662,Rycca,D'Emanuele,19/06/1987,rdemanuele8p@exblog.jp,1338390251,Female,$5846.38,OYPIM6308K,0,0,0,0
21195630241,Margaretta,Bielby,06/08/1982,mbielby8q@blogs.com,5781627270,Female,$6114.70,FIKGA1903A,0,0,0,0
21185496688,Sandra,Pietrowski,29/06/1970,spietrowski8r@tamu.edu,9014650406,Female,$2852.49,RZRIL3595I,0,0,0,0
21151080006,Chloette,Simnor,26/07/1968,csimnor8s@multiply.com,1006711050,Female,$2914.81,SWMRD7622N,0,0,1,0
21128135615,Hussein,Vasiliev,30/12/1993,hvasiliev8t@apple.com,7046577326,Male,$7262.07,RYEGV7842C,0,0,0,0
21185494558,Margi,Creffield,29/05/1971,mcreffield8u@google.co.jp,2118828098,Genderqueer,$8294.02,MWBUG3192X,0,0,0,1
21185381689,Jerry,Hallahan,28/10/1991,jhallahan8v@psu.edu,7999142051,Male,$8197.19,UROMB6482N,0,0,0,1
21198544846,Bertram,Toopin,23/04/1975,btoopin8w@posterous.com,1252630419,Bigender,$9078.14,FGCQP5471J,0,0,0,0
21107522054,Maurine,Hrinchishin,14/02/1973,mhrinchishin8x@oracle.com,6619563690,Female,$9649.90,MTMIC4034K,0,0,0,0
21199887542,Car,Beyne,08/01/2001,cbeyne8y@csmonitor.com,1489215761,Male,$5538.50,TBXMX5487P,0,0,0,0
21186743789,Carlo,Willman,23/10/1984,cwillman8z@amazonaws.com,4629194529,Male,$4493.30,JPVGK3341K,0,0,0,0
21116445917,Sherlocke,Meric,29/07/1971,smeric90@cmu.edu,6609402369,Agender,$10060.53,TUWOF0367T,0,0,0,0
21188737762,Archambault,Bransgrove,27/03/1985,abransgrove91@t-online.de,8222425989,Polygender,$10496.76,ECWJL0005C,1,0,0,0
21137232994,Gretel,Everil,27/04/1988,geveril92@topsy.com,8243570938,Female,$4151.38,ZPXPW7673O,0,0,0,1
21194977169,Phyllys,Branca,16/03/1992,pbranca93@skyrock.com,3853813939,Genderqueer,$7630.11,DDARC7280U,0,0,0,0
21130374766,Glenn,Speeding,12/07/1989,gspeeding94@cnet.com,9536547078,Male,$4992.07,FIDZH2140A,0,0,0,0
21131774377,Charo,Aldiss,10/05/1970,caldiss95@umn.edu,8125782438,Female,$3648.15,YAUEC7351T,1,0,0,0
21104239737,Conrado,Beedie,24/04/1983,cbeedie96@google.cn,8984095551,Male,$5812.72,BVGTZ8353Q,0,0,0,0
21188386236,Barrie,Ather,27/06/1996,bather97@unicef.org,2618477236,Female,$2715.69,PHKJR3830R,0,0,0,0
21129854624,Goddard,Bannell,29/08/1984,gbannell98@jiathis.com,6624226596,Male,$8338.00,HWFMO7035H,0,0,0,0
21111597622,Aprilette,Kleyn,26/07/1962,akleyn99@bluehost.com,4072308962,Genderfluid,$9555.73,PIWJO6388I,1,0,0,0
21151400979,Fleurette,Dive,02/09/1962,fdive9a@reference.com,7103568482,Female,$4847.89,CBTDY2018T,0,0,0,0
21193917446,Maddi,Crowdson,08/09/1962,mcrowdson9b@constantcontact.com,2397055363,Female,$9471.28,PASKK5950W,0,0,0,0
21190613904,Devlin,Scallon,14/10/1987,dscallon9c@xrea.com,6857253751,Male,$10306.10,LGZVY0823H,0,0,0,0
21161834816,Yelena,Gabel,30/01/1983,ygabel9d@slideshare.net,8301100178,Female,$9178.80,UICRV4848K,0,1,0,0
21186351629,Krista,Parram,24/03/1991,kparram9e@blogger.com,4402123384,Female,$6308.77,TVAIF8532Q,1,0,0,0
21180552540,Gaspard,Vigors,23/10/1990,gvigors9f@nbcnews.com,3504779331,Male,$4531.14,KHATF4465V,0,0,0,1
21176397551,Irene,Eltun,31/05/1975,ieltun9g@last.fm,2011648456,Female,$3634.87,PRZKU3363H,0,1,0,0
21184880258,Vladamir,Gibb,27/02/1995,vgibb9h@live.com,8071604232,Male,$8207.17,PWQLW2514M,0,0,0,0
21166295322,Niki,Grodden,10/06/1995,ngrodden9i@live.com,5775668943,Male,$7409.67,FTWLU5579K,1,0,0,0
21111413359,Tiebout,Cattrall,01/04/1960,tcattrall9j@mit.edu,9863126692,Male,$7659.46,RCNIQ4963G,0,0,0,0
21144684980,Charlotte,Wardel,17/12/1976,cwardel9k@freewebs.com,8725550952,Female,$6751.90,SZQRL7905F,0,1,0,0
21117296260,Arluene,Berks,19/05/1993,aberks9l@ed.gov,4222016625,Female,$8243.88,GOJMD6332O,0,0,0,0
21131931598,Phillipp,Jeffcoate,23/11/1971,pjeffcoate9m@gnu.org,5283947404,Male,$3095.09,ZAYSK3686G,0,0,0,0
21191003621,Mitchel,Cutill,06/07/1975,mcutill9n@biglobe.ne.jp,9048062694,Male,$3414.24,UNEWY8662Y,0,0,0,0
21192418002,Joelle,Dunge,10/06/1980,jdunge9o@twitpic.com,9367883405,Female,$3716.25,CWUMF1341YY,0,0,0,0
21133012412,George,Hubery,16/12/1964,ghubery9p@timesonline.co.uk,3072389800,Female,$7863.49,BTQBZ8548V,0,0,0,0
21171110649,Brenna,Righy,01/08/1979,brighy9q\princeton.edu,3985276170,Female,$9723.20,YPVWL5781W,0,0,0,0
21144548727,Margaux,Haines,20/02/1979,mhaines9r@squarespace.com,8287197772,Polygender,$4097.37,WSQRF9412O,0,0,0,0
21187760167,Maren,Hinrichs,19/01/1971,mhinrichs9s@virginia.edu,6929104193,Female,$10356.67,HXRHF9710R,0,0,0,0
21172333447,Ansel,Baxill,07/12/1982,abaxill9t@de.vu,9138117726,Male,$6486.58,AVEGG3965W,0,0,0,0
21173551789,Beatriz,Porker,11/11/1961,bporker9u@psu.edu,5701762972,Female,$6564.26,ZYRVW2783E,0,0,0,0
21195051463,Terri-jo,Mulbry,22/03/1974,tmulbry9v@walmart.com,7498694378,Female,$7341.80,UHNJY2432Z,0,0,0,0
21161844428,Shaun,Blackaller,29/06/1996,sblackaller9w@google.com.br,5858454241,Female,$3268.52,RLRZF1825K,0,0,0,0
21185974451,Danyette,Kintish,01/02/1982,dkintish9x@comcast.net,1346136359,Female,$5975.70,EETXN1471G,1,0,0,0
21181840983,Yolane,Baskerfield,30/07/1972,ybaskerfield9y@skyrock.com,2915130747,Female,$7624.63,OFZGX0503I,1,0,0,0
21170763206,Edward,Sphinxe,02/05/1966,esphinxe9z@about.com,7299091710,Male,$7181.35,ZIXEI5514W,0,0,1,0
21114253376,George,Geratasch,22/05/1987,ggeratascha0@zdnet.com,6922196367,Male,$5430.51,DPBHW3699F,0,0,0,0
21153737222,Gabbie,MacAnespie,29/08/1980,gmacanespiea1@wsj.com,6879899622,Male,$9634.78,EJWHG6495N,0,0,0,0
21125655470,Klement,Knewstubb,28/06/1980,kknewstubba2@livejournal.com,9085113833,Male,$6552.98,VXLVU5440U,0,0,0,0
21193409558,Aylmar,Zanicchi,24/06/1983,azanicchia3@so-net.ne.jp,6035907888,Male,$3495.50,ETEIB7225T,0,0,0,0
21107882077,Binni,Filinkov,11/10/1997,bfilinkova4@ox.ac.uk,3193764039,Female,$7688.65,SQGYI6707J,0,0,0,0
21126577427,Morley,McNalley,19/05/1972,mmcnalleya5@geocities.com,6846965157,Non-binary,$3668.18,PNJTU4541Q,0,1,0,0
21124099737,Tad,Sickamore,06/01/1998,tsickamorea6@dagondesign.com,5615856432,Male,$4244.52,OVNGM8967D,0,0,0,0
21126344085,Peter,Ortmann,15/05/1980,portmanna7@usgs.gov,5353650319,Male,$9592.67,GAYYG7176T,0,0,0,1
21100507843,Britni,Guiso,20/06/1967,bguisoa8@sbwire.com,7188782020,Female,$5381.34,UBABC2130B,0,0,0,0
21140571763,Cecil,Ragdale,03/09/1979,cragdalea9@seesaa.net,9145667076,Female,$5193.99,NRUZW7535N,1,1,0,0
21187772223,Barry,Simenel,09/03/1967,bsimenelaa@blinklist.com,1348288830,Male,$2979.96,CSHKF7204D,0,0,0,0
21176685018,Greer,Thing,19/05/1978,gthingab@squarespace.com,9884452614,Female,$3004.76,DEGDI3602H,0,0,0,0
21126522082,Archibald,Gosnold,02/10/1963,agosnoldac@cbc.ca,4466424899,Male,$2661.62,EUZEO3668Q,0,0,0,0
21134850906,Jorge,Scouler,28/09/1987,jscoulerad@dropbox.com,8425015808,Male,$3936.42,BBREI7115U,0,0,0,0
21128132133,Dynah,Aberdalgy,27/06/1999,daberdalgyae@youtu.be,3731455799,Non-binary,$3726.30,WLBTZ0090Y,0,1,0,0
21111871919,Flory,Childrens,26/07/1992,fchildrensaf@barnesandnoble.com,7474674957,Male,$6619.12,CIZOS4298Z,1,0,0,0
21106523507,Wally,Hughf,31/08/1994,whughfag@shinystat.com,1991023664,Male,$10024.25,FQHBX3915R,0,0,0,0
21110927539,Waiter,Wisniowski,13/12/1972,wwisniowskiah@umn.edu,8134910898,Male,$9695.34,UEJVM2189P,0,1,0,0
21166550186,Clevie,Durrand,16/10/1961,cdurrandai@sourceforge.net,8296067185,Male,$5023.46,LXALX2561E,0,0,0,0
21150924815,Garrott,Trebble,11/11/1970,gtrebbleaj@photobucket.com,1386025780,Polygender,$6678.78,MQLWN5198L,0,0,0,0
21196878338,Valentine,Aggio,25/06/1969,vaggioak@yahoo.co.jp,7025063467,Female,$5944.93,APGGL2239A,0,1,0,0
21184922791,Osmond,Lavallie,31/10/1988,olavallieal@kickstarter.com,7334597622,Male,$3824.02,NOICG2491Y,0,0,0,0
21194211129,Freida,Norledge,16/06/1968,fnorledgeam@fotki.com,3334772266,Female,$7060.00,RDFTZ5562J,0,0,0,0
21184705734,Eziechiele,Methley,09/04/1990,emethleyan@hostgator.com,7513718071,Bigender,$7415.26,DFRGH3607S,0,0,0,0
21135094796,Hilary,Pelham,14/06/1990,hpelhamao@acquirethisname.com,1227662681,Male,$10440.80,LEQQU5971D,0,0,0,0
21169024315,Candide,Bulbeck,08/12/1996,cbulbeckap@joomla.org,13218757984,Female,$5648.73,OYZDH9235K,1,0,0,0
21142150428,Bobby,Bragge,31/07/1790,bbraggeaq@amazonaws.com,9096317563,Male,$3223.66,OQXFW6617Q,0,0,0,0
21126499900,Wilfrid,Gudger,10/10/1973,wgudgerar@mapy.cz,7232102784,Male,$5151.50,TUUJM2171R,0,0,0,0
21104216430,Jarvis,Dillingham,04/04/1965,jdillinghamas@nbcnews.com,1244623976,Male,$8403.49,BHBFL3124A,0,0,0,0
21171688953,Laurie,Drinkel,08/08/1983,ldrinkelat@intel.com,5494939013,Male,$5906.57,VWKDH7044T,0,0,0,0
21124017291,Tony,Tart,05/11/1981,ttartau@miitbeian.gov.cn,9618326722,Female,$8020.08,OFYLH6261P,0,0,0,1
21187721212,Lorant,Dowsett,19/01/1984,ldowsettav@opera.com,6819223933,Male,$7490.18,MXBST2327A,0,0,0,0
21118457097,Madelaine,Fenwick,15/12/1977,mfenwickaw@cbsnews.com,9683260383,Female,$3174.66,HCTUW2786Q,0,0,0,1
21127141227,Marthe,Forson,17/03/1971,mforsonax@mozilla.com,1257826249,Female,$6339.88,ESPWG0855D,0,0,0,0
21167473493,Dionis,Jollands,27/03/1989,djollandsay@mozilla.com,9535970465,Female,$10049.41,CFWDO6643K,0,0,1,1
21169673248,Gradeigh,Darnbrook,19/07/1977,gdarnbrookaz@google.fr,1405545767,Male,$5647.14,OQGJA7875O,0,0,0,0
21168349678,Garvy,Chateau,20/11/1999,gchateaub0@desdev.cn,6326846286,Male,$2676.35,RLANJ6556R,0,0,0,0
21158439228,Igor,Dainton,26/08/1983,idaintonb1@photobucket.com,8074639308,Genderfluid,$9403.16,ICKCP8158V,0,0,0,0
21156451658,Omero,Crocket,01/06/1994,ocrocketb2@artisteer.com,3533909913,Male,$8056.18,ALNVO1887M,0,0,0,0
21128559783,Benoite,Orknay,31/05/1988,borknayb3@shareasale.com,9057925956,Bigender,$8117.32,QYWMB2018X,0,0,0,0
21180153878,Neron,Jinkinson,28/08/1994,njinkinsonb4@elpais.com,4273060445,Male,$8538.71,LZIBC1388B,0,0,0,0
21110247153,Katya,Carver,12/04/1986,kcarverb5@chron.com,1123579654,Female,$9563.53,EOVRV4863H,0,0,0,0
21125151976,Lemar,Alejandro,11/08/1986,lalejandrob6@php.net,5806338120,Male,$9256.85,PIQWM6248P,0,0,0,0
21167255035,Ruggiero,Byrnes,17/05/1968,rbyrnesb7@histats.com,1274215190,Male,$6102.44,JFYZU9074K,0,0,0,0
21182005595,Tamar,Welfare,17/02/1971,twelfareb8@dmoz.org,9273284434,Female,$8440.36,EDEVE0981Z,0,0,0,0
21163499878,Carey,Lindl,27/03/1982,clindlb9@weather.com,2057856298,Male,$3075.11,FNWVL0078P,0,0,0,0
21184700843,Conny,Rikard,09/04/1961,crikardba@deviantart.com,6057718517,Female,$6929.36,HQYCE7141U,0,0,0,0
21138914337,Garold,Gatland,29/04/1970,ggatlandbb@hhs.gov,1766409595,Male,$8057.66,CZLTU7942F,0,0,1,0
21194167949,Alexio,Johnes,28/10/1968,ajohnesbc@163.com,2622570438,Male,$2794.14,YJIRK5885M,0,0,0,0
21175728616,Barby,Macilhench,09/05/1976,bmacilhenchbd@mashable.com,4253124846,Bigender,$6210.04,PJPJG3488Q,1,0,0,0
21183888199,Abram,Lea,25/09/2000,aleabe@prweb.com,7144960891,Male,$6441.08,YVQOQ5904E,0,0,0,0
21117667271,Marnie,Hiddy,14/01/1980,mhiddybf@techcrunch.com,4347496992,Female,$5943.01,PSCXK9769E,0,0,0,0
21148670432,Madlen,Glassborow,27/12/1972,mglassborowbg@a8.net,2692704476,Non-binary,$3447.34,TAXHZ0005N,0,0,0,0
21199871090,Nicola,Crosswaite,17/05/1987,ncrosswaitebh@dion.ne.jp,9338552643,Female,$5684.69,RWJTO3273E,0,0,0,0
21173552550,Danette,Harriagn,27/07/1970,dharriagnbi@wordpress.org,4424840696,Female,$7794.81,RVQHD5064Q,0,0,0,0
21175562994,Teddi,Dominy,19/10/1983,tdominybj@topsy.com,5466812549,Female,$8669.64,RUXEH8048A,1,0,0,0
21195221405,Cassie,Lubeck,03/07/1968,clubeckbk@about.me,6242501802,Female,$4364.95,XHUQD0165U,0,0,0,0
21199754645,Marina,Hadley,24/10/2000,mhadleybl@icio.us,1183293723,Female,$9013.56,MJHQE3170M,1,1,0,0
21151319739,Farr,Fenelon,30/04/1986,ffenelonbm@angelfire.com,1198985477,Male,$3938.95,STMXZ1013I,0,0,0,0
21116042605,Malcolm,Largen,24/04/1974,mlargenbn@123-reg.co.uk,8659163240,Male,$10427.07,BADFN6425S,0,0,0,1
21119848302,Elinor,Widdicombe,30/09/1966,ewiddicombebo@virginia.edu,3201828455,Female,$6126.59,OVSBW1005V,0,0,0,0
21122020517,Jakob,McElwee,21/06/2000,jmcelweebp@qq.com,1986683290,Male,$8834.80,NLRMSO6130T,0,0,0,0
21154694275,Lorrin,Godsafe,20/08/1963,lgodsafebq@phpbb.com,7021678461,Female,$2967.49,VGQMA5693D,0,0,0,0
21154479845,Curr,Forsythe,22/08/1995,cforsythebr@quantcast.com,2457907362,Male,$7496.79,DTXGY7533W,0,0,0,0
21182033154,Yard,Hawlgarth,15/11/1961,yhawlgarthbs@123-reg.co.uk,2547827371,Male,$5478.05,ATJZO4705L,1,0,0,0
21197123270,Lolly,Jeanin,14/06/1970,ljeaninbt@nbcnews.com,8859018710,Female,$7627.24,DRQPH8079,0,0,1,0
21110158410,Davidde,Rizzardo,05/01/1986,drizzardobu@yandex.ru,4838321299,Agender,$3415.22,VDEKC4235X,0,0,0,0
21117843567,Constancy,Polfer,12/03/1978,cpolferbv@msu.edu,5467484800,Polygender,$6491.71,YPNKD9932T,0,0,0,0
21196294330,Neville,Kenrack,27/11/1983,nkenrackbw@wikispaces.com,9502552855,Male,$7476.58,KLOCB6157A,0,0,0,0
21108110864,Marylee,Brugemann,08/05/1991,mbrugemannbx@un.org,5187155770,Genderfluid,$4602.75,DTELC5800T,0,0,0,0
21115638376,Kendrick,Goodrich,12/03/1975,kgoodrichby@zimbio.com,7583561227,Male,$10065.85,CCWIK9457O,0,1,0,1
21161654980,Broderic,Sudran,08/05/1965,bsudranbz@huffingtonpost.com,4045404005,Male,$9607.17,RNBWF0186C,0,0,0,0
21149333855,Sharleen,Loveland,19/01/1971,slovelandc0@gmpg.org,7724015146,Agender,$10296.05,ZMIKP1365X,0,0,0,0
21173463170,Mallory,Abbyss,28/03/1983,mabbyssc1@mac.com,7317031825,Female,$3745.01,CYYRW0061M,0,1,0,0
21195498433,Errol,Trunby,03/01/1995,etrunbyc2@nsw.gov.au,6576684560,Male,$10262.74,SWLHU7730M,0,0,0,0
21191294274,Berta,Mussalli,11/02/1992,bmussallic3@live.com,8613447217,Female,$5294.33,WOQIN7652Q,0,0,0,0
21130225612,Niko,Harrington,03/09/1992,nharringtonc4@si.edu,6961079229,Male,$7509.71,AZZCB0096U,0,0,0,0
21132178766,Nert,Gaffon,24/11/1983,ngaffonc5@mozilla.com,4322454190,Female,$6874.03,IZGBV8871L,0,0,0,0
21199600055,Zorana,Oganian,14/09/1966,zoganianc6@google.com.hk,2614266636,Female,$4609.89,DIQZB1729F,1,0,0,0
21107332021,Charil,Harverson,31/03/1988,charversonc7@ow.ly,2012314344,Female,$3234.46,MPMTI5846A,0,0,0,0
21177108711,Janeta,Gye,20/09/1971,jgyec8@prlog.org,9793980839,Female,$8543.52,KSQIJ9167B,0,0,0,0
21187451767,Horatia,Davie,01/07/1976,hdaviec9@about.me,3085181537,Female,$7417.15,NOPOX3424L,0,0,0,0
21136508482,Phoebe,Gobat,15/08/1987,pgobatca@linkedin.com,3684943700,Female,$2954.30,MLSLT8263R,1,0,1,0
21133175718,Andonis,Corness,09/07/1963,acornesscb@europa.eu,3298856547,Male,$10231.58,JVHPF8189T,0,0,0,0
21132081055,Ebba,Lancett,07/08/1964,elancettcc@marketwatch.com,6912752099,Female,$6270.85,BIVFV1465H,1,0,0,0
21159827487,Erny,Echlin,23/10/1974,eechlincd@imgur.com,6341089238,Male,$6100.72,HPXTN7057A,0,0,0,0
21138362241,Stacy,Whiley,13/01/1982,swhileyce@forbes.com,6468003218,Female,$8817.77,OSBAZ6306A,0,1,0,0
21149108671,Ethyl,Conniam,13/03/1991,econniamcf@chicagotribune.com,2632895346,Female,$8051.36,RIDDD8910M,0,0,0,0
21112816964,Wandie,Astupenas,08/05/1991,wastupenascg@cloudflare.com,7794505992,Female,$6351.66,RXEZB8521Z,0,0,1,0
21166124199,Alley,Boeck,09/08/2000,aboeckch@unc.edu,1183746955,Male,$5643.97,KDSRH9866C,0,0,0,1
21152830467,Roshelle,Hanney,07/02/1991,rhanneyci@mlb.com,1338734701,Female,$6562.43,CDWOO6618I,1,0,0,0
21183844089,Ruben,Brundrett,07/03/1991,rbrundrettcj@virginia.edu,2002182909,Male,$2622.30,CAOBN1692G,0,1,0,0
21197914610,Thorstein,Boynes,31/07/1991,tboynesck@hhs.gov,9319326748,Male,$9484.85,UDQYD1353A,0,1,0,0
21102715663,Lorne,Chatteris,01/05/1996,lchatteriscl@deliciousdays.com,9162201798,Bigender,$4348.64,AKUNK8906Q,0,0,0,0
21132115811,Jordain,Fosten,18/06/1982,jfostencm@joomla.org,1887011996,Female,$4196.22,SNFIZ0739B,0,0,0,0
21118156227,Layla,Verney,15/12/1998,lverneycn@youku.com,5696706040,Female,$6593.26,XQYEE3090V,0,0,0,0
21151057111,Mitchell,Messier,10/10/1992,mmessierco@bbc.co.uk,6765102671,Male,$4603.92,DICLF9334P,0,0,0,0
21190180914,Grete,Roper,10/10/1981,gropercp@photobucket.com,4747303713,Female,$4062.94,GORJP3654Q,0,0,0,0
21101332707,Leonerd,Graveston,25/04/1976,lgravestoncq@howstuffworks.com,7968686889,Male,$3989.66,HFJZZ2065Q,0,0,0,0
21116565861,Stephannie,Sturm,01/03/1995,ssturmcr@xing.com,8558976866,Female,$7873.79,USJUD4681P,0,0,0,0
21156621164,Pooh,Keeney,12/04/1964,pkeeneycs@unc.edu,4445920259,Female,$5186.73,KHJUM0188W,0,0,0,0
21192009809,Johna,Harness,08/04/1966,jharnessct@globo.com,4353058723,Female,$8573.68,BGXZJ3908V,0,0,0,0
21199163070,Charita,Hedney,05/12/1971,chedneycu@1und1.de,2094432093,Female,$9315.24,XQEUP0147E,0,1,0,0
21164959420,Malissia,Condict,02/09/1990,mcondictcv@joomla.org,9669222494,Female,$6537.14,GMOMR4203B,1,0,0,0
21187607849,Luca,McDowall,03/06/1980,lmcdowallcw@alexa.com,9935380873,Male,$9755.84,QDQYY2827J,1,0,0,0
21171106209,Myrah,Divill,18/11/1995,mdivillcx@berkeley.edu,6773633384,Female,$8683.64,GQRXV1677O,0,0,0,0
21188009360,Elmira,Aberkirder,27/02/1999,eaberkirdercy@github.io,4986109167,Female,$9372.37,SYMZU4109P,0,0,0,0
21189020984,Brandea,Birrane,25/10/1974,bbirranecz@thetimes.co.uk,6032899315,Genderqueer,$3583.43,FMHSZ4748B,0,0,0,1
21107153581,Sullivan,Grainge,21/06/1998,sgrainged0@msn.com,8201446052,Male,$3002.33,WVGSR1477R,0,0,0,1
21152946203,Grantham,Camings,14/09/1967,gcamingsd1@icq.com,7527364393,Male,$8064.51,TQXZJ9157J,0,0,0,0
21172253528,Obie,Lowensohn,20/05/1992,olowensohnd2@e-recht24.de,7399053080,Male,$9726.51,NOGQH3843Y,0,0,1,0
21185033029,Sydney,Boissier,05/05/1964,sboissierd3@gizmodo.com,5137917394,Male,$8194.95,JEAQK6015R,0,0,0,0
21108270288,Maurise,Ruselin,11/07/1966,mruselind4@delicious.com,1473375912,Male,$5131.06,MUJCO5269G,0,0,1,0
21128495970,Charlotte,Innwood,06/06/1986,cinnwoodd5@taobao.com,3934728515,Female,$9442.04,TUVBA1431M,0,0,0,0
21114326165,Micky,Duley,06/07/1970,mduleyd6@oracle.com,9733588068,Female,$9859.45,MBTZO4485Q,0,0,1,0
21101247993,Darell,Margetts,16/12/1994,dmargettsd7@forbes.com,1856029966,Female,$6204.92,BCSJU8876O,0,0,0,0
21121144201,Drugi,Tummons,12/06/1967,dtummonsd8@storify.com,9859933903,Male,$10111.75,HZMDR3578G,0,0,0,1
21124231014,Perry,Reimers,17/08/1967,preimersd9@foxnews.com,4147678389,Male,$10193.23,MDYLC6458J,0,1,0,0
21135787978,Lesli,Southcomb,05/08/1996,lsouthcombda@furl.net,1321279014,Female,$4585.67,FJVSK9255F,0,0,1,0
21123972368,Thayne,Blench,12/06/1968,tblenchdb@booking.com,6971745043,Male,$10431.93,QGTWE5044H,0,0,0,0
21146174661,Mattias,Judd,08/11/199,mjudddc@springer.com,5529082992,Male,$4092.45,MNQPE8414O,1,0,1,0
21129278560,Davy,Margeram,21/03/1960,dmargeramdd@unesco.org,4501670029,Male,$10316.79,RUEAP1127S,0,0,0,0
21197631317,Daphene,Gianolo,28/09/2000,dgianolode@nature.com,4423193636,Female,$10188.64,LBEVO7798M,0,0,0,0
21153850596,Herman,Yakobowitz,10/01/1987,hyakobowitzdf@go.com,9032850063,Male,$6369.07,QEGSH314C,0,1,0,0
21151537964,Filip,MacGaughy,21/06/1965,fmacgaughydg@fema.gov,9675575964,Male,$2597.79,PSNXC6452K,0,1,0,0
21124332266,Malorie,Pedlar,01/06/1987,mpedlardh@ycombinator.com,2883117486,Female,$8310.15,CCUDM5078G,0,0,0,0
21169215634,Bernadette,Bart,03/04/1986,bbartdi@virginia.edu,8926671420,Female,$6327.66,KPQYK2488H,0,0,0,0
21193347373,Lambert,Mowsdell,21/12/1982,lmowsdelldj@hexun.com,7355909835,Male,$7085.53,LPNUO7124P,0,1,0,0
21129292773,Tanya,O' Faherty,23/04/1990,tofahertydk@bravesites.com,5249387405,Bigender,$8544.75,LCFHD9455I,0,0,0,0
21112919927,Martelle,Sharply,06/02/1985,msharplydl@home.pl,9218614424,Female,$5535.27,CGUWC9720E,0,0,0,0
21114183963,Benjamin,Sommerlin,03/12/1969,bsommerlindm@sitemeter.com,5387867738,Male,$7479.07,FWRXB2227P,0,0,0,0
21158877894,Marcy,Eustis,01/05/1974,meustisdn@slate.com,4245412299,Female,$3444.37,NEMJO9151S,0,0,0,0
21134594284,Marius,Marchenko,26/08/1983,mmarchenkodo@msu.edu,9598647596,Male,$9270.48,UYAZK0667J,0,0,0,0
21195500771,Minni,Critchard,27/05/1974,mcritcharddp@ftc.gov,1843404673,Female,$3778.75,CNSXH8304K,0,0,0,0
21156123331,Rosemaria,Durante,08/07/1960,rdurantedq@chronoengine.com,9486335288,Female,$4641.61,ZODIQ9805A,0,0,0,0
21106599498,Olivier,Burgoyne,17/09/1994,oburgoynedr@independent.co.uk,8171705768,Agender,$5511.75,DBJLG3735S,0,1,0,0
21112954534,Clarissa,Ife,30/09/1968,cifeds@shareasale.com,5014552215,Female,$3218.76,GTABX8642D,1,0,1,0
21166040304,Kristoffer,Skurray,05/09/1998,kskurraydt@,9154457196,Male,$10362.61,HJNUI8677B,0,0,0,0
21151094156,Frannie,Townend,24/02/1977,ftownenddu@360.cn,6212157248,Genderfluid,$8615.16,DMYAX9176H,0,1,0,0
21123947327,Cinderella,Hartley,11/11/1975,chartleydv@uol.com.br,4203240916,Female,$7065.97,ZBCRQ7174I,0,0,0,0
